{
    "Union Box #1": {
        "cx": 536.9000000000001,
        "cy": 923.6,
        "num_x": 26.400000000000002,
        "num_y": 28.799999999999997
    }
}